"","d_1","d_2","P_11","P_22","sigma","mu_1","mu_2","Neg_lklh","Opt. Converged"
"Vietnam",0.558152421914498,0.949351772375582,0.991204210061559,0.931596064928194,0.0115636619740408,-0.00397572705689303,0.0665823019842181,-249.434454544174,0
"Mongolia",0,0.978496152727623,0,0.998958710303285,0.00158520580369032,0,-9.9726380844505e-05,-386.095593391873,0
"Russian Federation",0.483529132861215,0,0.998999999863046,0,0.0738148372570672,0.0626180695942764,0,-109.307783170361,0
