"","d_1","d_2","P_11","P_22","sigma","mu","Neg_lklh","Opt. Converged"
"Vietnam",0.551040254615975,1.99970936922229,0.994099176920279,0.800000054226534,0.0115586492515733,-0.00314070756414601,-250.436706087608,0
"Mongolia",1.23097474281063,1.37628801395142,0.964510936947235,0.800000009186174,0.00119557273135748,-0.000427393832512881,-395.285456432709,0
"Russian Federation",0.484748889877805,0,0.998999997370436,0,0.0738124265498356,0.0620448044316177,-109.415430637154,0
